Agriculture - Elevage;Aviculture;Aliments de betail et volaille;Cereales;Conditionnement des agrumes et primeurs;Groupes exportateur de fruits et legumes;Lait et derives;Materiel agricole;Minoterie Moulins;Pepiniere;Produits phytosanitaires engrais;Agro Distributeurs;Fertilisation;Hygiene;Importateurs_Etranger_des_F&L;Instituts_de_formation_agricole;Irrigation;Laboratoires_analyse;Plasticulture;Semences;Exploitation Agricole;Apiculture;Dressage et elevage;
Santé - Médicaments;Ambulances;Cliniques;Docteur;Laboratoires analyses médicales;Materiel medicale paramedicale et pharmaceutique;Medecins-radiologues;Veterinaire;Plantes medicinales;Parapharmacie;Dentiste;Kinésithérapie et rééducation;Centre hospitalier;Pharmacie;CENTRE HEMODIALYSE;Ophtalmologie;Cardiologue;Soins à domicile;Neurologue;Obstétriciens et gynécologues;
Construction - Industrie;Architecture;Ascenseurs Instalation et entretien;Bois;BTP;Bureaux etudes techniques ( BET );Caoutchouc;Carrelage;Chaudronnerie;Ciment;Controle technique de construction;Construction metalique;Electricite;Emballage;Exploitation de carrieres;Fabrication de matelas;Fonderie de métaux ferreux;Froid climatisation et installation;Gaz et propane;Gaz industriel;Glace hydrique;Huileries;Marbre;Materiaux de construction;Materiel electrique electronique;Materiel industriel divers;Materiel hydraulique;Menuiserie metallique PVC;Menuiserie de bois;Metallurgie;Peinture;Plastique;Piscines;Produits chimiques;Plomberie sanitaire;Promotion immobiliere;Textile;Serigraphie;Transformation de the et du cafe;Traitement et revetement des metaux;Energie;Industries du sucre et derives;Etancheite;Chaussures;Pompes;Constructions modulaires;Production de vehicules;Explosifs et Accessoires de mines;Batteries, piles et accumulateurs
;Fabrication de meubles, industries diverses
;Revêtement des sols et des murs;Industrie agroalimentaire;Mécanique Générale;Maintenance industrielle;Location d'engins;Construction Rénovation Aménagement;Architecture de paysages;tôlerie;Appareils de mesure - contrôle - régulation - détection;Glace carbonique;GENIE ELECTRIQUE AUTOMATISMES;aluminium;
Information Enseignement Telecomunication;Communication - Publicite;Etablissement enseignement privé;Etablissements prive de formation;Informatique Ingenierie-Developpement logiciel;Telecommunication;Auto Ecole;Etablissement enseignement public;Universités;Crèche et maternelle;Rédacteur d'articles web;Professeur à domicile;Production audiovisuelle;Communication digitale;web design;
Service;Traiteurs et organisateurs de reception;Agences immobilieres;Assainissement-Canalisation-Adduction eau potable ;Assurances;Avocat;Banque;Conseil aux entreprises;Credit-Bail;Electronique;Environnement (Entreprise de services);Etude et creation des espaces verts;Expertise;Experts comptables;Fiduciaires;Imprimeries;Incendie equipements;Labo photo;Nettoyage;Negoce Import-Export;Service Internet ;Securite et surveillance;Transitaires;Agences de recrutement;Visite et controle technique des vehicules;Ingenieur;Comptables agrees;Notaires;Centres d'affaires;Ecrivain public;Traducteurs interpretes;Centre d'appel;Garage d'automobiles;Nettoyage de vehicules;Garage Centre Auto;Deratisation Desinsectisation Desinfection;Detective prive;Importateur-Distributeur;Services aux entreprises;Club sport;Journaux et presse;Adoul;Bureaux de change  ;Amincissement et Bien être;Centres de Divertissement;Centres de recherches;Transfert d'argent;Services et conseils aux étudiants;Appels entreprises;Production Billet argent;Bureau des chemins de fer;Pressing;Événementiel;Huissier de Justice;Localisation géographique;Station-Service;Digital marketing;Location robe de soirée caftan;
Vente;Ameublement - Agencement - Decoration;Boutiques;Combustibles et lubrifiants;Cosmetique-Esthetique;Droguerie quincaillerie;E-commerce;Electromenagers;Equipements hoteliers et restaurants;Huile argane;Librairie papetrie;Matériels et fournitures bureautiques et informatiques;Miroitrie vitrerie;Optique;Objets art - cadeaux - décor;Superettes supermarches et hypermarches;Bijouterie;Instrument musical;Cuisines équipées;Animaux;Centre commercial;Commerce et Industrie Jeux;Parfums;Expositions;Commerce Général;fleuristes;Solutions pour laboratoires et industries;Pesage;Vêtements professionnels;
Transport;Automobile (Concessionnaires);Courrier express;Entretien et reparation de vehicules automobiles;Messagerie;Motocycle;Pieces de rechange et accessoires automobiles;Renovation moteur - tournage;Pneumatique;Transport de marchandises national et international;Transport urbain (bus);Transport du personnel;Transport aérien;Dépannage ;Transport et logistique;
Tourisme;Auberges et camping;Agences de voyages;Hotel;Location de voiture;Loisirs et activites recreatives;Produits artisanat;Residences touristique;Restaurants;Transport de voyageurs national et international;Transport touristiques;Riad;Guide touristique;
